City,Country,Cloudiness,Date,Humidity,Latitude,Longitude,Max Temperature,Wind Speed
Severo-Kuril'sk,RU,0,1587217941,89,50.68,156.12,32.32,8.25
Bengkulu,ID,100,1587217941,79,-3.8,102.27,79.66,1.19
Ullapool,GB,0,1587217941,56,57.9,-5.16,53.01,11.99
Saskylakh,RU,0,1587217941,84,71.92,114.08,8.35,5.59
Hermanus,ZA,0,1587217743,40,-34.42,19.23,86.0,8.01
Rikitea,PF,2,1587217942,70,-23.12,-134.97,76.51,5.7
Mongu,ZM,96,1587217942,40,-15.25,23.13,83.16,5.53
Cape Town,ZA,0,1587217700,16,-33.93,18.42,87.8,5.82
East London,ZA,0,1587217773,78,-33.02,27.91,75.2,11.41
Vaini,TO,40,1587217725,83,-21.2,-175.2,77.0,9.17
Ushuaia,AR,90,1587217900,37,-54.8,-68.3,50.0,17.22
Carnarvon,AU,22,1587217673,94,-24.87,113.63,77.0,12.75
Togul,RU,0,1587217943,66,53.47,85.91,43.61,9.17
Bandarbeyla,SO,73,1587217451,65,9.49,50.81,83.08,11.25
Hobyo,SO,70,1587217543,68,5.35,48.53,85.75,11.92
Bon Air,US,90,1587217943,87,37.52,-77.56,52.0,10.29
Butaritari,KI,100,1587217943,76,3.07,172.79,83.14,15.97
Sittwe,MM,0,1587217943,81,20.15,92.9,79.54,5.7
Punta Arenas,CL,27,1587217943,75,-53.15,-70.92,41.0,13.87
Kidal,ML,57,1587217943,6,18.44,1.41,106.0,10.78
Bethel,US,90,1587217944,93,41.37,-73.41,36.0,6.93
Chui,UY,11,1587217776,67,-33.7,-53.46,70.43,4.68
Bluff,NZ,100,1587217944,94,-46.6,168.33,46.99,1.99
George Town,MY,20,1587217944,88,5.41,100.34,86.0,5.82
Kapaa,US,75,1587217944,73,22.08,-159.32,73.4,11.41
San Felipe,VE,86,1587217944,56,10.34,-68.74,83.16,6.62
Begoro,GH,76,1587217945,59,6.39,-0.38,85.3,7.58
Bredasdorp,ZA,0,1587217945,41,-34.53,20.04,86.0,12.75
Albany,US,100,1587217666,89,42.6,-73.97,35.01,6.58
Xai-Xai,MZ,0,1587217945,73,-25.05,33.64,76.57,11.3
Alofi,NU,43,1587217945,88,-19.06,-169.92,77.0,9.17
Ponta do Sol,PT,0,1587217945,60,32.67,-17.1,64.0,5.01
Barrow,US,1,1587217946,83,71.29,-156.79,-5.8,6.93
Itoman,JP,75,1587217946,83,26.12,127.67,73.4,6.93
Hobart,AU,75,1587217946,81,-42.88,147.33,48.0,1.12
Atbasar,KZ,96,1587217946,49,51.8,68.33,55.54,6.22
Chokurdakh,RU,27,1587217946,85,70.63,147.92,-13.5,5.86
Broome,US,90,1587217946,100,42.25,-75.83,36.0,10.29
Filingué,NE,38,1587217947,6,14.35,3.32,107.89,10.02
Khatanga,RU,0,1587217764,93,71.97,102.5,12.76,6.17
Tsimmerbude,RU,33,1587217947,70,54.67,20.13,46.4,13.42
Mataura,NZ,100,1587217947,94,-46.19,168.86,46.99,1.99
Camacha,PT,20,1587217947,59,33.08,-16.33,68.0,12.75
Goderich,CA,66,1587217686,80,43.75,-81.72,41.0,14.16
Airai,TL,90,1587217947,58,-8.93,125.41,60.84,2.46
Jamestown,US,75,1587217947,86,42.1,-79.24,37.4,12.75
Wexford,IE,75,1587217948,93,52.33,-6.46,48.2,12.75
Beringovskiy,RU,100,1587217534,96,63.05,179.32,17.24,20.78
Paracuru,BR,75,1587217937,83,-3.41,-39.03,79.0,3.36
Gorontalo,ID,58,1587217948,88,0.54,123.06,77.14,3.22
Port-Gentil,GA,20,1587217948,74,-0.72,8.78,87.8,12.75
Río Gallegos,AR,40,1587217948,49,-51.62,-69.22,46.4,20.8
Milos,GR,0,1587217949,42,36.75,24.43,68.0,8.05
Port Alfred,ZA,0,1587217949,88,-33.59,26.89,73.0,1.99
Isangel,VU,57,1587217949,84,-19.55,169.27,78.26,10.36
Castro,BR,33,1587217949,42,-24.79,-50.01,68.31,5.91
Raudeberg,NO,0,1587217949,34,61.99,5.14,50.0,8.05
Kodinsk,RU,24,1587217949,92,58.69,99.18,25.93,5.35
Abu Dhabi,AE,3,1587217672,51,24.47,54.37,86.0,13.87
Avarua,CK,5,1587217949,83,-21.21,-159.78,75.2,2.24
Masuguru,TZ,93,1587217950,85,-11.37,38.42,77.34,2.75
Wattegama,LK,93,1587217950,80,6.8,81.48,78.4,1.34
Chapais,CA,1,1587217461,63,49.78,-74.85,30.2,11.41
Ağdaş,AZ,60,1587217950,56,40.65,47.48,75.2,8.05
Kushima,JP,100,1587217950,76,31.46,131.23,53.01,2.84
Balkhash,KZ,32,1587217950,36,46.84,74.98,57.13,1.41
Warora,IN,45,1587217950,14,20.23,79.0,98.01,3.87
Te Anau,NZ,77,1587217951,74,-45.42,167.72,43.81,4.5
Bilibino,RU,11,1587217354,83,68.05,166.44,-9.29,5.19
Chimoré,BO,10,1587217951,43,-16.98,-65.13,84.0,2.1
Lavrentiya,RU,100,1587217951,96,65.58,-171.0,17.56,16.06
Port Elizabeth,ZA,6,1587217951,73,-33.92,25.57,73.4,13.87
Vallenar,CL,0,1587217951,28,-28.57,-70.76,80.82,7.43
Ndélé,CF,95,1587217951,17,8.41,20.65,99.88,2.19
Tiksi,RU,98,1587217532,90,71.69,128.87,8.74,5.41
Yenotayevka,RU,84,1587217952,33,47.25,47.03,62.64,9.1
Mount Gambier,AU,32,1587217952,93,-37.83,140.77,46.4,3.36
Santiago,CL,0,1587217682,48,-33.46,-70.65,60.8,5.44
Yellowknife,CA,40,1587217952,72,62.46,-114.35,12.2,8.05
Chino Valley,US,1,1587217952,80,34.76,-112.45,42.01,5.66
Mahébourg,MU,75,1587217952,74,-20.41,57.7,80.6,14.99
Brae,GB,0,1587217953,61,60.4,-1.35,48.2,11.41
Coahuayana Viejo,MX,20,1587217583,53,18.73,-103.68,73.4,8.05
Sint-Gillis-Waas,BE,41,1587217953,87,51.23,4.12,57.99,1.99
New Norfolk,AU,88,1587217953,81,-42.78,147.06,48.0,1.01
Vila Franca do Campo,PT,40,1587217753,72,37.72,-25.43,64.4,13.87
Husavik,IS,40,1587217954,57,66.04,-17.34,50.0,35.57
Pisco,PE,6,1587217954,77,-13.7,-76.22,71.01,6.93
Shenzhen,CN,100,1587217820,88,22.55,114.07,77.0,6.2
Guerrero Negro,MX,3,1587217856,70,27.98,-114.06,60.37,15.57
Zhezkazgan,KZ,75,1587217954,26,47.8,67.71,71.6,13.42
Tazmalt,DZ,75,1587217954,77,36.39,4.4,69.8,4.7
Monte Azul,BR,96,1587217955,61,-15.15,-42.87,79.12,8.23
Zhanakorgan,KZ,0,1587217955,21,43.91,67.25,70.68,5.28
Mar del Plata,AR,0,1587217785,87,-38.0,-57.56,64.99,13.87
Kavieng,PG,99,1587217749,76,-2.57,150.8,82.42,3.31
Busselton,AU,100,1587217955,60,-33.65,115.33,63.0,14.36
Islamkot,PK,85,1587217955,25,24.7,70.18,90.57,16.91
Touros,BR,75,1587217955,88,-5.2,-35.46,80.6,3.36
Vaitape,PF,85,1587217955,64,-16.52,-151.75,83.62,4.0
Pacific Grove,US,90,1587217750,71,36.62,-121.92,55.4,5.82
Honiara,SB,99,1587217956,79,-9.43,159.95,77.36,2.68
Ilulissat,GL,90,1587217956,85,69.22,-51.1,24.8,13.87
Nueva Loja,EC,92,1587217956,100,0.08,-76.88,71.6,2.24
Chicama,PE,90,1587217956,94,-7.84,-79.15,68.0,8.05
Kuchera,IN,1,1587217956,19,26.98,73.97,87.98,9.4
Half Moon Bay,US,90,1587217568,71,37.46,-122.43,55.99,5.82
Berlevåg,NO,97,1587217957,82,70.86,29.09,36.57,18.41
Charters Towers,AU,9,1587217957,79,-20.1,146.27,72.3,6.22
Aswān,EG,96,1587217957,16,24.09,32.91,85.41,6.96
Saint-Augustin,CA,3,1587217957,85,51.23,-58.65,27.52,9.57
Port Lincoln,AU,76,1587217958,72,-34.73,135.87,59.94,3.58
Hithadhoo,MV,99,1587217958,73,-0.6,73.08,84.49,14.0
Ocós,GT,40,1587217958,88,14.51,-92.19,80.6,7.67
Yigou,CN,100,1587217958,78,35.81,114.32,52.34,4.59
Lebu,CL,100,1587217810,91,-37.62,-73.65,60.21,4.18
Los Llanos de Aridane,ES,20,1587217959,53,28.66,-17.92,71.6,25.28
Sembakung,ID,63,1587217959,91,3.82,117.25,76.35,2.24
Miquelon,PM,40,1587217959,60,47.1,-56.38,39.2,9.17
Faanui,PF,86,1587217959,64,-16.48,-151.75,82.8,4.14
Slave Lake,CA,1,1587217959,79,55.28,-114.77,26.6,3.36
Aden,YE,67,1587217757,73,12.78,45.04,84.47,17.58
Riberalta,BO,36,1587217960,83,-10.98,-66.1,71.6,9.17
Bilma,NE,0,1587217484,7,18.69,12.92,102.18,8.95
Henties Bay,NA,29,1587217960,87,-22.12,14.28,60.01,7.0
North Bend,US,90,1587217960,93,43.41,-124.22,51.01,4.7
Sitka,US,90,1587217961,93,57.05,-135.33,39.2,4.7
Saint-Pierre,RE,6,1587217756,69,-21.34,55.48,80.6,21.92
Tabou,CI,82,1587217961,79,4.42,-7.35,84.36,10.33
Esperance,AU,75,1587217686,100,-33.87,121.9,62.6,9.17
Kaitangata,NZ,100,1587217367,88,-46.28,169.85,50.0,3.91
Zhigansk,RU,4,1587217961,93,66.77,123.37,4.82,14.09
Thompson,CA,40,1587217962,70,55.74,-97.86,-0.4,6.93
Boa Vista,BR,40,1587217761,48,2.82,-60.67,87.8,9.17
Thinadhoo,MV,100,1587217546,73,0.53,72.93,84.74,12.62
Arraial do Cabo,BR,40,1587217962,73,-22.97,-42.03,77.0,12.75
Poum,NC,94,1587217962,77,-20.23,164.02,78.24,13.15
La Ronge,CA,75,1587217962,73,55.1,-105.28,21.2,9.17
San Juan,AR,0,1587217778,26,-31.54,-68.54,80.51,6.69
Tuktoyaktuk,CA,90,1587217963,84,69.45,-133.04,8.6,13.87
Vrangel',RU,49,1587217963,68,42.73,133.08,41.31,2.98
La Rioja,ES,20,1587217963,68,42.25,-2.5,64.4,8.05
Nikolskoye,RU,90,1587217963,80,59.7,30.79,39.2,15.66
Flin Flon,CA,90,1587217964,78,54.77,-101.86,17.6,17.22
Corinth,GR,0,1587217964,43,37.94,22.96,73.4,5.82
Synya,RU,100,1587217964,85,65.37,58.04,36.82,2.19
Belmonte,BR,75,1587217790,88,-15.86,-38.88,77.0,19.46
Labuhan,ID,81,1587217423,80,-6.88,112.21,81.07,2.71
Saint-Philippe,RE,7,1587217964,69,-21.36,55.77,80.6,21.92
Mitsamiouli,KM,40,1587217964,59,-11.38,43.28,89.6,10.29
Souillac,MU,75,1587217965,74,-20.52,57.52,80.6,14.99
Hilo,US,90,1587217965,83,19.73,-155.09,69.8,4.7
Ryōtsu-minato,JP,90,1587217965,100,38.08,138.43,50.0,5.82
Marsh Harbour,BS,0,1587217965,75,26.54,-77.06,80.29,16.82
Yar-Sale,RU,100,1587217965,98,66.83,70.83,35.6,9.73
Tazovsky,RU,100,1587217965,98,67.47,78.7,36.59,18.66
Neftçala,AZ,0,1587217965,81,39.37,49.25,57.38,11.18
Plácido de Castro,BR,2,1587217966,39,-10.34,-67.19,82.42,7.07
Lüderitz,NA,0,1587217966,53,-26.65,15.16,75.2,4.7
San Quintín,MX,25,1587217390,68,30.48,-115.95,59.43,13.69
Mossamedes,AO,40,1587217966,69,-15.2,12.15,77.0,13.87
Ribeira Grande,PT,75,1587217966,93,38.52,-28.7,64.4,11.41
Lingao,CN,88,1587217966,83,19.91,109.69,77.18,8.68
Ambon City,ID,81,1587217966,71,-3.7,128.18,84.06,3.91
Cockburn Town,TC,0,1587217966,76,21.46,-71.14,78.78,13.89
Punta Alta,AR,67,1587217672,34,-38.88,-62.07,75.87,19.98
Jaisalmer,IN,64,1587217967,21,26.91,70.92,91.08,10.42
Parkes,AU,51,1587217967,79,-33.13,148.18,51.01,4.38
Hambantota,LK,98,1587217966,76,6.12,81.12,83.89,7.31
Amānganj,IN,40,1587217967,21,24.43,80.03,91.08,11.3
Gaogou,CN,100,1587217967,90,34.02,119.19,51.49,4.34
Qaanaaq,GL,1,1587217967,81,77.48,-69.36,15.78,6.71
Erenhot,CN,100,1587217968,35,43.65,111.98,53.28,18.88
Jining,CN,100,1587217968,92,35.41,116.58,52.95,2.59
Atuona,PF,38,1587217968,76,-9.8,-139.03,81.99,13.51
San Rafael,AR,13,1587217968,26,-34.62,-68.33,78.03,14.99
Shingū,JP,2,1587217968,67,33.73,135.98,53.46,14.88
Cherskiy,RU,22,1587217968,87,68.75,161.3,-4.41,6.38
Bambous Virieux,MU,75,1587217398,74,-20.34,57.76,80.6,14.99
Zhuhai,CN,40,1587217969,100,22.28,113.57,75.2,8.05
Clyde River,CA,75,1587217969,92,70.47,-68.59,12.2,11.41
Lugoba,TZ,100,1587217969,88,-6.45,38.33,74.84,3.4
Kununurra,AU,15,1587217969,69,-15.77,128.73,80.6,3.29
Monze,ZM,29,1587217969,42,-16.28,27.48,76.08,7.38
Iqaluit,CA,40,1587217969,70,63.75,-68.51,1.4,3.36
Plettenberg Bay,ZA,0,1587217969,52,-34.05,23.37,72.91,5.57
Dalian,CN,100,1587217969,66,38.91,121.6,55.4,2.24
Uruaçu,BR,100,1587217970,77,-14.52,-49.14,76.37,3.65
Tūkrah,LY,0,1587217970,55,32.53,20.58,64.13,12.77
La Linea,AR,0,1587217970,63,-27.62,-55.04,72.0,3.0
Mahon,ES,20,1587217970,64,39.89,4.27,73.4,6.93
São João da Barra,BR,75,1587217970,65,-21.64,-41.05,77.0,9.17
Upernavik,GL,100,1587217970,93,72.79,-56.15,25.05,27.89
Finschhafen,PG,95,1587217970,72,-6.6,147.87,82.49,4.81
Ballina,AU,27,1587217971,84,-28.87,153.57,64.0,4.32
Ahipara,NZ,34,1587217473,83,-35.17,173.17,63.64,12.21
Codrington,AU,32,1587217971,82,-38.27,141.97,52.65,8.16
Teya,RU,79,1587217402,89,60.38,92.63,31.42,3.98
Harper,LR,89,1587217881,78,4.38,-7.72,84.27,10.51
Lagoa,PT,100,1587217971,86,39.05,-27.98,63.01,18.39
Salalah,OM,20,1587217428,66,17.02,54.09,86.0,12.75
Danielskuil,ZA,52,1587217971,20,-28.19,23.54,77.63,13.67
Vao,NC,9,1587217972,70,-22.67,167.48,74.62,10.45
Urusha,RU,100,1587217972,92,54.05,122.9,21.56,14.92
Foso,GH,77,1587217972,68,5.7,-1.29,86.52,7.47
Varhaug,NO,0,1587217972,57,58.61,5.65,51.01,8.05
Chajul,GT,0,1587217972,28,15.49,-91.03,70.41,1.9
Makakilo City,US,20,1587217184,93,21.35,-158.09,73.4,4.7
Vidim,RU,63,1587217972,88,56.41,103.11,24.57,8.59
Margherita,IN,83,1587217972,77,27.28,95.68,70.56,4.29
Ambikāpur,IN,19,1587217973,19,23.12,83.2,84.25,3.31
Provideniya,RU,100,1587217973,95,64.38,-173.3,21.31,17.74
Sur,OM,0,1587217973,64,22.57,59.53,82.92,3.91
Auki,SB,100,1587217973,79,-8.77,160.7,79.7,7.16
Khandyga,RU,15,1587217973,87,62.67,135.6,-1.14,3.02
Puerto Nariño,CO,75,1587217941,94,-3.77,-70.38,75.2,10.29
Caravelas,BR,97,1587217412,83,-17.71,-39.25,76.87,21.81
Ostrovnoy,RU,100,1587217974,96,68.05,39.51,32.5,15.19
Las Choapas,MX,90,1587217974,88,17.93,-94.08,78.8,3.74
Pryazha,RU,100,1587217974,75,61.69,33.62,42.8,8.95
Kita,ML,100,1587217974,9,13.03,-9.49,109.49,3.13
Tasiilaq,GL,75,1587217974,80,65.61,-37.64,33.8,18.34
Mareeba,AU,90,1587217975,94,-17.0,145.43,77.0,2.24
Grindavik,IS,90,1587217975,100,63.84,-22.43,46.4,20.8
Rocha,UY,0,1587217975,59,-34.48,-54.33,70.23,7.38
Nzérékoré,GN,93,1587217975,45,7.76,-8.82,90.55,5.3
Torbay,CA,75,1587217975,55,47.67,-52.73,39.0,19.46
Vilyuysk,RU,0,1587217975,91,63.76,121.62,1.6,6.38
Provost,CA,82,1587217578,79,52.35,-110.27,28.74,11.27
Leninogorsk,RU,93,1587217976,62,54.6,52.46,41.74,8.41
Klaksvík,FO,0,1587217976,66,62.23,-6.59,48.2,19.46
Tuy Hoa,VN,92,1587217976,86,13.08,109.3,77.7,3.31
Dingle,PH,0,1587217521,77,11.0,122.67,81.05,9.08
Fairbanks,US,90,1587217855,93,64.84,-147.72,37.4,4.7
Leskovik,AL,2,1587217976,27,40.15,20.6,78.8,6.93
Yerbogachën,RU,8,1587217976,90,61.28,108.01,13.82,6.4
Mokhsogollokh,RU,83,1587217976,93,61.47,128.92,8.33,3.18
Constitución,CL,100,1587217977,76,-35.33,-72.42,68.14,6.69
San Policarpo,PH,40,1587217977,79,12.18,125.51,82.04,14.34
Miracema,BR,94,1587217853,81,-21.41,-42.2,71.96,0.65
Puerto Quijarro,BO,51,1587217977,44,-17.78,-57.77,83.95,4.99
Geraldton,AU,75,1587217977,73,-28.77,114.6,73.4,10.29
Saharsa,IN,8,1587217977,26,25.88,86.6,88.77,2.28
Wau,SS,30,1587217977,11,7.7,28.0,98.31,1.7
Kailua,US,20,1587217978,54,21.4,-157.74,78.8,8.05
Laguna,US,90,1587217978,71,38.42,-121.42,54.0,5.82
Vostok,RU,54,1587217978,74,46.49,135.88,36.72,3.04
Kahului,US,1,1587217690,73,20.89,-156.47,71.6,13.87
Wanning,CN,84,1587217978,91,18.8,110.4,77.0,7.47
Kirakira,SB,100,1587217978,83,-10.45,161.92,77.86,2.26
Faya,SA,75,1587217978,77,18.39,42.45,68.0,13.87
Surovikino,RU,87,1587217978,46,48.61,42.85,52.97,13.47
Olafsvik,IS,100,1587217978,94,64.89,-23.71,34.9,3.65
Grand-Santi,GF,59,1587217979,55,4.25,-54.38,88.56,3.83
Norman Wells,CA,40,1587217979,86,65.28,-126.83,26.6,2.24
Kavaratti,IN,2,1587217979,70,10.57,72.64,85.42,8.43
Aripuanã,BR,100,1587217979,87,-9.17,-60.63,75.09,3.74
Nemuro,JP,95,1587217979,83,43.32,145.57,40.8,9.95
Pontes e Lacerda,BR,44,1587217912,52,-15.23,-59.34,77.63,5.84
Mae Sai,TH,20,1587217980,45,20.43,99.88,86.0,5.82
Cururupu,BR,94,1587217386,60,-1.83,-44.87,88.68,2.26
Richards Bay,ZA,34,1587217980,70,-28.78,32.04,76.05,12.15
Saint-Louis,SN,100,1587217980,20,16.33,-15.0,85.75,14.99
Wasilla,US,90,1587217966,93,61.58,-149.44,39.99,1.5
Escárcega,MX,5,1587217980,52,18.61,-90.75,87.73,8.05
Omsukchan,RU,100,1587217575,85,62.53,155.8,1.67,6.51
Puri,IN,75,1587217980,79,19.8,85.85,84.2,13.87
Eureka,US,99,1587217926,87,40.8,-124.16,53.01,3.4
Bathsheba,BB,75,1587217815,62,13.22,-59.52,84.2,14.99
Kinsale,IE,75,1587217805,100,51.71,-8.53,48.99,17.22
Santa Lucía,ES,75,1587217981,53,27.91,-15.54,73.4,19.46
Northam,GB,61,1587217981,86,51.03,-4.22,63.0,8.01
Mnogovershinnyy,RU,21,1587217981,91,53.94,139.92,14.63,1.77
Fortuna,US,90,1587217981,93,40.6,-124.16,52.0,4.41
Nishihara,JP,75,1587217981,83,26.18,127.76,73.4,6.93
Takoradze,GH,61,1587217774,70,4.88,-1.76,86.7,13.78
Cidreira,BR,1,1587217982,61,-30.18,-50.21,71.47,5.77
Sturgis,US,90,1587217982,68,41.8,-85.42,35.6,6.93
Vieux-Habitants,GP,38,1587217982,78,16.06,-61.77,78.8,9.17
Port Augusta,AU,90,1587217982,82,-32.5,137.77,60.8,5.82
Nanortalik,GL,20,1587217982,88,60.14,-45.24,29.44,2.06
Fomboni,KM,77,1587217982,76,-12.28,43.74,83.3,11.23
Massaguet,TD,32,1587217982,4,12.48,15.44,109.4,6.93
Malé,MV,75,1587217982,74,4.17,73.51,87.8,6.93
Qaqortoq,GL,40,1587217983,58,60.72,-46.03,28.4,4.7
Chachapoyas,PE,83,1587217985,36,-6.23,-77.87,62.56,2.48
Viedma,AR,95,1587217985,34,-40.81,-63.0,78.4,18.66
Andra,RU,100,1587217986,96,62.51,65.89,37.17,6.4
Opuwo,NA,85,1587217986,27,-18.06,13.84,83.44,8.5
Waipawa,NZ,2,1587217986,77,-41.41,175.52,60.8,25.28
Jinchang,CN,0,1587217986,30,38.5,102.17,49.53,3.15
Ust-Kuyga,RU,27,1587217986,81,70.02,135.6,-9.38,0.58
Nānākuli,US,20,1587217986,93,21.39,-158.15,73.0,4.7
Port Blair,IN,11,1587217393,73,11.67,92.75,84.43,7.29
Berbera,SO,100,1587217512,71,10.44,45.01,86.16,15.59
Puerto Ayora,EC,75,1587217987,83,-0.74,-90.35,81.0,6.93
Wollongong,AU,84,1587217987,87,-34.43,150.88,55.0,5.26
Baft,IR,68,1587217987,27,29.23,56.61,56.79,8.12
Algiers,DZ,75,1587217851,57,36.75,3.04,80.6,8.05
Ndola,ZM,61,1587217987,52,-12.96,28.64,72.97,6.62
Nara,JP,100,1587217987,35,34.69,135.8,60.01,1.99
Vila Velha,BR,40,1587217417,65,-20.33,-40.29,78.8,16.11
Silver City,US,1,1587217988,45,32.77,-108.28,53.01,8.05
São Filipe,CV,1,1587217988,72,14.9,-24.5,71.22,24.16
Camocim,BR,63,1587217988,70,-2.9,-40.84,86.09,2.37
Cabo San Lucas,MX,15,1587217910,76,22.89,-109.91,66.99,7.0
Himatangi,NZ,16,1587217988,89,-40.4,175.32,55.99,16.73
Kenora,CA,75,1587217989,64,49.82,-94.43,39.2,11.41
Hamilton,US,20,1587217727,69,39.18,-84.53,41.0,8.05
São Borja,BR,0,1587217923,49,-28.66,-56.0,75.65,8.63
Kysyl-Syr,RU,0,1587217989,91,63.9,122.76,2.93,6.69
Sokoni,TZ,75,1587217989,94,-6.43,39.55,77.0,4.7
Delhi,IN,75,1587217860,39,28.67,77.22,91.99,8.05
Aras,ES,20,1587217989,68,42.56,-2.36,68.0,8.05
Anadyr,RU,90,1587217990,85,64.75,177.48,15.8,13.42
Tessalit,ML,96,1587217872,6,20.2,1.01,105.35,3.94
Atherton,GB,100,1587217990,70,53.52,-2.49,52.0,4.0
Avera,US,90,1587217990,88,33.19,-82.53,68.0,11.41
Sebrovo,RU,55,1587217990,50,50.1,43.3,48.42,10.94
Andenes,NO,75,1587217990,93,69.31,16.12,41.0,10.29
Buraidah,SA,26,1587217803,10,26.33,43.98,89.6,13.87
Puerto Escondido,MX,5,1587217848,88,15.85,-97.07,78.8,3.36
Kaka,TM,100,1587217991,32,37.35,59.61,69.39,6.49
Coquimbo,CL,90,1587217487,100,-29.95,-71.34,55.4,3.36
Port Macquarie,AU,78,1587217941,95,-31.43,152.92,54.0,5.82
Bonavista,CA,39,1587217991,60,48.65,-53.11,34.0,13.0
Lianzhou,CN,100,1587217991,82,24.78,112.38,71.04,2.57
Beloha,MG,0,1587217991,56,-25.17,45.05,77.79,11.03
Saint-François,FR,98,1587217991,43,46.42,3.91,71.01,4.7
Yulara,AU,0,1587217991,29,-25.24,130.99,78.8,8.05
Namatanai,PG,100,1587217991,75,-3.67,152.43,81.72,3.44
Winona,US,1,1587217805,65,43.97,-91.77,43.0,6.93
Gamba,GA,65,1587217492,72,-2.65,10.0,83.61,13.44
Vanavara,RU,0,1587217992,91,60.34,102.28,19.36,5.14
Fukuechō,JP,95,1587217992,67,32.69,128.84,58.96,10.42
Tuatapere,NZ,100,1587217857,94,-46.13,167.68,46.99,1.99
Korla,CN,100,1587217992,36,41.76,86.15,61.41,8.01
Paramonga,PE,51,1587217993,67,-10.67,-77.83,75.29,8.66
Gold Coast,AU,75,1587217993,93,-28.0,153.43,63.0,3.36
Narsaq,GL,40,1587217698,58,60.92,-46.05,28.4,4.7
Golden,US,40,1587217736,55,39.76,-105.22,43.0,3.36
Dauriya,RU,100,1587217993,49,49.93,116.87,44.6,12.93
Carutapera,BR,69,1587217993,72,-1.2,-46.02,83.53,4.03
Sadovo,BG,12,1587217993,20,42.13,24.93,82.4,2.24
Port Hardy,CA,90,1587217994,93,50.7,-127.42,46.4,0.83
Trairi,BR,13,1587217994,69,-3.28,-39.27,84.63,3.27
Shaoyang,CN,99,1587217994,84,27.23,111.45,60.57,6.26
Faro,PT,20,1587217783,72,37.02,-7.93,66.2,10.29
Pevek,RU,0,1587217994,88,69.7,170.31,-4.0,7.78
Chuzhou,CN,100,1587217994,99,32.32,118.3,55.0,1.99
Utete,TZ,99,1587217994,89,-7.99,38.76,78.49,4.54
Pontian Kecil,MY,20,1587217995,83,1.48,103.39,82.4,4.7
Deputatsky,RU,0,1587217995,77,69.3,139.9,-15.92,0.87
Tambongon,PH,0,1587217995,77,10.97,123.92,81.79,11.27
Mandera,KE,100,1587217995,37,3.94,41.87,94.08,7.43
Jimo,CN,100,1587217995,62,36.39,120.46,55.99,4.47
Bowmore,US,75,1587217995,88,34.94,-79.3,66.99,9.17
Teguise,ES,75,1587217995,93,29.06,-13.56,62.6,4.7
Prince Rupert,CA,90,1587217995,100,54.32,-130.32,39.2,2.66
Keffi,NG,75,1587217996,44,8.85,7.87,95.0,9.17
Santa Cruz Cabrália,BR,75,1587217996,88,-16.28,-39.02,77.0,19.46
Mattru,SL,100,1587217996,56,7.62,-11.83,90.03,7.67
Kruisfontein,ZA,0,1587217539,33,-34.0,24.73,78.12,4.63
Tilichiki,RU,6,1587217996,90,60.47,166.1,2.75,10.16
Hervey Bay,AU,58,1587217996,88,-25.3,152.85,73.99,4.5
Hohhot,CN,20,1587217996,81,40.81,111.65,46.4,8.95
Lindås,NO,0,1587217996,57,60.74,5.16,44.82,4.09
Atar,MR,0,1587217997,16,20.52,-13.05,88.36,15.59
Zinder,NE,56,1587217719,6,13.81,8.99,104.0,13.87
Cabedelo,BR,40,1587217804,83,-6.98,-34.83,82.4,5.82
Saldanha,ZA,29,1587217997,13,-33.01,17.94,91.4,3.36
Sorong,ID,99,1587217997,86,-0.88,131.25,77.92,1.5
Mbandaka,CD,94,1587217997,84,0.05,18.26,76.77,3.71
Kisangani,CD,37,1587217997,47,0.52,25.2,88.92,1.7
Huarmey,PE,17,1587217997,62,-10.07,-78.15,78.01,6.58
The Valley,AI,20,1587217998,70,18.22,-63.06,84.2,12.75
Sabha,LY,10,1587217998,13,27.04,14.43,92.68,5.55
Dikson,RU,100,1587217998,92,73.51,80.55,35.04,14.2
Shaoguan,CN,99,1587217998,78,24.8,113.58,71.82,2.33
Mil'kovo,RU,36,1587217998,83,54.72,158.62,31.39,4.36
Laï,TD,87,1587217998,10,9.4,16.3,105.3,3.22
The Pas,CA,90,1587217998,85,53.83,-101.25,21.2,11.41
Champerico,GT,40,1587217998,78,14.3,-91.92,77.0,6.17
Saint Paul Harbor,US,75,1587217999,93,57.79,-152.41,39.2,4.7
Araouane,ML,72,1587217999,6,18.9,-3.53,108.66,9.69
Kaeo,NZ,38,1587217999,94,-35.1,173.78,60.01,4.0
Rundu,NA,98,1587217999,32,-17.93,19.77,82.4,8.05
Hasaki,JP,20,1587217999,81,35.73,140.83,52.0,4.7
Shunyi,CN,100,1587217999,44,40.12,116.65,73.0,4.47
Rawson,AR,100,1587217498,69,-43.3,-65.1,64.11,13.0
Nantucket,US,90,1587217999,87,41.28,-70.1,42.8,18.34
Mutsu,JP,90,1587217999,87,41.29,141.22,48.2,20.8
Dunn,US,1,1587218000,60,44.95,-91.88,41.0,10.29
Sobolevo,RU,100,1587218000,61,54.43,31.9,42.24,12.53
Zaysan,KZ,49,1587218000,35,47.47,84.87,54.01,2.68
Uglovka,RU,100,1587218000,68,58.24,33.51,39.18,9.01
Dalvik,IS,40,1587218000,57,65.97,-18.53,50.0,35.57
Palmer,US,90,1587218000,100,42.16,-72.33,36.0,4.7
Abū Zabad,SD,0,1587218000,7,12.35,29.25,98.51,5.26
Padang,ID,100,1587217573,78,-0.95,100.35,79.5,2.24
Sioux Lookout,CA,90,1587218001,55,50.1,-91.92,39.2,10.29
San Ramon,US,90,1587217486,71,37.78,-121.98,55.0,8.05
Kudahuvadhoo,MV,72,1587218001,75,2.67,72.89,85.28,11.03
Abu Samrah,SY,83,1587218001,29,35.3,37.18,76.77,5.91
Arman',RU,100,1587218001,90,59.7,150.17,10.04,17.67
Saint George,US,1,1587217921,81,37.1,-113.58,50.0,3.36
Talnakh,RU,100,1587218001,74,69.49,88.4,37.4,29.08
Nouakchott,MR,0,1587217929,53,18.09,-15.98,75.2,20.8
Zaraza,VE,91,1587218002,30,9.35,-65.32,94.51,6.13
Fare,PF,100,1587218002,72,-16.7,-151.02,82.94,3.53
Rognan,NO,100,1587218002,94,67.1,15.39,41.0,4.0
Baoro,CF,81,1587218002,44,5.67,15.97,85.82,4.85
Fort Nelson,CA,20,1587218002,86,58.81,-122.7,30.2,5.82
Auce,LV,96,1587218002,55,56.46,22.9,45.03,10.47
Rome,US,90,1587217502,80,43.21,-75.46,36.0,4.7
Srednekolymsk,RU,32,1587218003,89,67.45,153.68,-11.09,9.19
Broken Hill,AU,90,1587217491,47,-31.95,141.43,59.0,4.7
Ulladulla,AU,40,1587217562,93,-35.35,150.47,55.4,2.26
Suileng,CN,32,1587218003,31,47.25,127.08,56.28,10.67
Valparaíso,CL,15,1587218003,77,-33.04,-71.63,59.0,3.36
Ancud,CL,75,1587218003,100,-41.87,-73.82,57.2,9.17
Bridlington,GB,60,1587218003,76,54.08,-0.19,52.0,12.75
Revelstoke,CA,90,1587218003,100,50.98,-118.2,35.6,1.63
Erzin,TR,50,1587218003,37,36.96,36.2,84.2,9.17
Olinda,BR,40,1587217961,66,-8.01,-34.86,87.8,5.82
Sungai Penuh,ID,100,1587218004,73,-2.08,101.38,67.73,1.97
Dunedin,NZ,100,1587218004,89,-45.87,170.5,51.01,5.77
Tocopilla,CL,31,1587218004,23,-22.09,-70.2,82.9,3.76
Sikonge,TZ,40,1587218004,65,-5.63,32.77,80.6,13.87
Hibbing,US,90,1587218004,48,47.43,-92.94,41.0,10.09
Gondā City,IN,52,1587218004,17,27.13,81.93,89.74,7.47
Palora,EC,90,1587218005,93,-1.7,-77.93,64.4,1.05
Shrewsbury,GB,95,1587218005,87,52.71,-2.75,45.0,8.05
Baranchinskiy,RU,94,1587218005,78,58.16,59.7,36.32,7.85
San Patricio,MX,68,1587218005,45,19.22,-104.7,84.06,2.82
Japaratuba,BR,75,1587218005,88,-10.59,-36.94,78.8,6.93
Cervo,ES,57,1587218005,1,43.67,-7.41,62.01,7.0
Arawa,PG,100,1587218005,79,-6.21,155.54,79.32,1.97
Yulin,CN,85,1587218006,87,22.63,110.15,74.19,8.59
Lorengau,PG,78,1587218006,72,-2.02,147.27,83.08,3.06
Baykit,RU,83,1587218006,92,61.67,96.37,24.62,3.04
Arrondissement de Libourne,FR,97,1587218006,56,44.92,-0.25,73.0,1.99
Talara,PE,6,1587218006,73,-4.58,-81.27,77.0,16.11
Mineiros,BR,99,1587218006,70,-17.57,-52.55,70.18,6.33
Healdsburg,US,90,1587218006,81,38.61,-122.87,53.01,1.05
Ambulu,ID,100,1587218006,77,-8.35,113.61,80.53,4.7
Yārāda,IN,75,1587218007,74,17.65,83.27,86.0,6.93
Central Point,US,1,1587218007,65,42.38,-122.92,45.0,1.77
Myronivka,UA,75,1587218007,43,49.66,30.98,50.47,10.11
Talas,TR,75,1587217789,30,38.69,35.55,69.8,11.41
Buala,SB,97,1587218007,81,-8.14,159.59,80.08,4.12
Yomou,GN,85,1587218007,46,7.56,-9.27,90.39,4.68
Ilo,PE,5,1587218007,63,-17.64,-71.34,72.73,7.11
Leer,SS,7,1587218008,12,8.3,30.14,99.99,3.65
Tura,IN,99,1587217933,81,25.52,90.22,71.4,7.81
Colares,PT,20,1587218008,60,38.8,-9.45,71.01,6.93
Hurghada,EG,90,1587217819,26,27.26,33.81,84.2,9.17
Altea,ES,92,1587218008,89,38.6,-0.05,62.01,1.01
Kyzyl-Mazhalyk,RU,0,1587218008,39,51.13,90.6,41.72,2.39
Homer,US,90,1587218008,87,59.64,-151.55,44.6,5.82
Lima,PE,90,1587217796,88,-12.04,-77.03,68.0,4.7
Łuków,PL,99,1587218009,24,51.93,22.38,54.0,5.35
Marrakesh,MA,75,1587217954,38,31.63,-8.01,77.0,3.36
Eyl,SO,6,1587218009,70,7.98,49.82,84.02,12.57
Asău,RO,71,1587217457,29,46.43,26.4,66.2,5.82
Dergachi,RU,86,1587218009,49,51.23,48.77,49.08,13.06
Dalbandin,PK,100,1587218009,19,28.89,64.41,80.02,0.83
Keti Bandar,PK,34,1587218010,75,24.14,67.45,80.69,11.77
Margate,GB,8,1587218010,87,51.38,1.39,48.04,13.78
Vardø,NO,75,1587218010,80,70.37,31.11,35.6,9.17
Atasū,KZ,10,1587217553,34,48.68,71.64,55.67,4.21
Sungai Raya,ID,49,1587218010,90,0.7,108.9,76.48,4.63
Kawalu,ID,100,1587218010,79,-7.38,108.21,74.62,2.48
Lékoni,GA,71,1587218010,46,-1.58,14.26,87.51,3.22
Acapulco de Juárez,MX,5,1587218011,64,16.86,-99.89,75.2,2.24
São José da Coroa Grande,BR,16,1587218011,66,-8.9,-35.15,84.56,4.74
Izumo,JP,75,1587218011,81,35.37,132.77,53.6,11.41
De Haan,BE,75,1587218011,87,51.27,3.04,50.0,10.29
Troitskoye,RU,0,1587218011,62,52.98,84.68,47.44,6.58
Muisne,EC,75,1587218011,100,0.6,-80.03,75.2,3.36
Sansepolcro,IT,68,1587218011,56,43.57,12.14,73.99,4.0
Contamana,PE,94,1587218012,44,-7.33,-75.02,84.11,6.82
Vanimo,PG,93,1587218012,77,-2.67,141.3,81.73,4.92
Maykor,RU,100,1587218012,88,59.01,55.88,35.83,10.89
Boma,GH,90,1587218012,51,7.08,-2.17,91.11,4.27
Chumikan,RU,92,1587218012,87,54.72,135.31,22.35,5.88
Gouré,NE,99,1587218012,5,13.98,10.27,102.99,11.01
Cabuyaro,CO,71,1587218013,67,4.28,-72.79,81.36,8.75
Brewster,US,90,1587218013,93,41.4,-73.62,37.99,6.93
Tsumeb,NA,69,1587218013,23,-19.23,17.72,83.46,12.21
Kindu,CD,90,1587218013,52,-2.95,25.95,86.05,1.63
Mandalgovi,MN,72,1587218013,33,45.76,106.27,41.67,20.45
San Cristobal,VE,40,1587217938,78,7.77,-72.22,78.8,3.36
Nicoya,CR,6,1587218014,69,10.15,-85.45,75.2,2.24
Luanda,AO,75,1587218014,70,-8.84,13.23,84.2,5.82
Amahai,ID,56,1587218014,76,-3.33,128.92,82.22,2.95
Borkenes,NO,93,1587218014,80,68.77,16.17,41.0,18.34
Alpatovo,RU,88,1587218014,45,43.7,45.24,64.4,5.14
Gondanglegi,ID,100,1587218014,85,-7.75,112.01,77.32,4.32
Manjeshwar,IN,20,1587218014,66,12.72,74.89,87.8,6.93
Sibut,CF,86,1587218014,49,5.72,19.07,88.81,5.08
Aksay,RU,20,1587218015,23,47.26,39.87,63.0,13.42
Nabire,ID,99,1587218015,87,-3.37,135.48,77.85,1.63
Juba,SS,96,1587218015,46,4.85,31.58,86.2,7.92
Nago,JP,1,1587218015,78,26.59,127.98,73.4,3.36
Shache,CN,100,1587218015,40,38.42,77.24,57.72,15.14
Nome,US,90,1587218015,100,64.5,-165.41,34.0,8.05
Messina,IT,40,1587217734,46,38.19,15.55,73.4,9.17
Sechura,PE,49,1587218015,72,-5.56,-80.82,74.79,7.2
Pecos,US,90,1587218015,81,31.42,-103.49,48.99,5.82
College,US,90,1587218016,93,64.86,-147.8,37.4,2.53
Nové Zámky,SK,100,1587218016,35,47.99,18.16,73.4,3.36
Odienné,CI,100,1587218016,20,9.51,-7.57,105.42,0.69
Oskarshamn,SE,0,1587218016,49,57.26,16.45,48.2,11.41
Walvis Bay,NA,18,1587217759,63,-22.96,14.51,66.2,11.41
Hope,US,75,1587218016,81,33.67,-93.59,48.2,11.41
Haines Junction,CA,2,1587218016,61,60.75,-137.51,36.27,1.74
Ixtapa,MX,90,1587218016,88,20.7,-105.2,71.01,3.36
Idukki,IN,52,1587218017,77,9.85,76.97,72.36,2.33
Hirara,JP,96,1587217887,87,24.8,125.28,74.21,15.35
Solnechnyy,RU,23,1587218017,79,50.72,136.63,32.9,4.76
Russell,US,75,1587218017,83,32.35,-85.2,69.8,6.93
Sakakah,SA,40,1587218017,19,29.97,40.21,80.6,6.93
Alice Springs,AU,0,1587218017,42,-23.7,133.88,68.0,5.82
Sri Aman,MY,89,1587218017,94,1.24,111.46,77.0,1.59
Portland,US,96,1587217735,86,45.52,-122.68,48.99,1.01
Naze,JP,39,1587218018,88,28.37,129.48,62.6,4.7
Kushiro,JP,99,1587218018,88,42.98,144.37,40.39,3.0
Fort Frances,CA,90,1587218018,56,48.6,-93.4,42.01,6.93
Caazapá,PY,12,1587218018,37,-26.15,-56.4,81.84,1.95
Naryan-Mar,RU,100,1587217420,98,67.67,53.09,33.76,4.68
Nouadhibou,MR,20,1587217806,60,20.93,-17.03,73.4,20.8
Fort-Shevchenko,KZ,100,1587218018,67,44.51,50.26,55.71,2.57
Petropavl,KZ,100,1587218017,53,54.88,69.16,55.53,7.85
Lithgow,AU,49,1587218019,84,-33.48,150.15,55.99,0.85
Van Buren,US,1,1587217838,100,35.44,-94.35,44.01,5.55
Praia da Vitória,PT,75,1587218019,77,38.73,-27.07,66.2,15.86
Tiarei,PF,20,1587218019,78,-17.53,-149.33,78.8,2.24
Tautira,PF,20,1587218019,78,-17.73,-149.15,78.8,2.24
Dudinka,RU,100,1587218019,74,69.41,86.18,37.4,29.08
Gizo Government Station,SB,87,1587218019,75,-8.1,156.84,81.36,4.23
Revda,RU,40,1587218020,70,56.8,59.93,42.8,20.13
Sola,VU,54,1587218020,77,-13.88,167.55,82.24,9.89
Uíge,AO,75,1587218020,65,-7.61,15.06,82.4,9.17
Pustoshka,RU,99,1587218020,60,56.34,29.37,42.53,10.07
Ulaangom,MN,0,1587218020,50,49.98,92.07,34.47,2.46
Altamira,BR,75,1587218020,88,-3.2,-52.21,80.6,8.05
Leningradskiy,RU,57,1587218020,91,69.38,178.42,-3.6,8.25
Sanguéya,GN,84,1587218020,21,10.7,-14.37,99.19,8.66
Evensk,RU,62,1587218020,86,61.95,159.23,8.4,12.41
Basqal,AZ,14,1587217722,56,40.76,48.39,69.8,8.05
Hede,CN,100,1587218021,87,33.77,120.25,52.57,5.06
Esil,KZ,100,1587218021,55,51.96,66.4,54.99,9.1
Safi,MA,25,1587218021,62,32.3,-9.24,69.13,18.45
Maragogi,BR,18,1587218021,63,-9.01,-35.22,85.53,4.81
Flinders,AU,84,1587217905,83,-34.58,150.86,54.0,4.45
Dongsheng,CN,100,1587218021,51,39.82,109.98,41.9,11.01
Quatre Cocos,MU,75,1587218021,74,-20.21,57.76,80.6,14.99
Barjora,IN,7,1587218022,47,23.43,87.28,80.17,13.62
Kirando,TZ,85,1587218022,56,-7.42,30.6,79.09,5.19
Fenyi,CN,100,1587218022,92,27.81,114.67,66.9,3.89
Cayenne,GF,90,1587218022,78,4.93,-52.33,82.4,5.82
Camacupa,AO,35,1587218022,56,-12.02,17.48,71.13,4.81
Itarema,BR,48,1587218022,66,-2.92,-39.92,85.73,5.03
